,mean cluster ratio,mean fractional importance,number of reactions,name
cpd11420_c,1.0,0.07972243904350125,7,trdox
cpd11421_c,1.0,0.07972243904350125,7,trdrd
cpd00363_c,1.0,0.05915627525851285,1,Ethanol
cpd00421_c,0.5223481968211992,0.0533059956861913,5,Triphosphate
cpd03709_c,0.49336982914951427,0.052980154247830064,11,Salicylaldehyde
cpd01466_c,0.5314620477285008,0.05104981528938885,24,Maleylpyruvate
cpd01560_c,0.6815231966125239,0.04582749947711947,7,beta-Alanyl-CoA
cpd00248_e,0.52847228413294,0.045603452601222075,7,Quinate
cpd00344_c,0.5079550351815101,0.043806568356041346,6,N-Formimino-L-glutamate
cpd01501_c,0.729370093474915,0.04367458288300103,13,2-Methylcitrate
cpd00269_c,0.6271579227613412,0.04059128994232896,17,2-Oxoadipate
cpd03397_c,0.799605704724881,0.038315453273670405,20,Selenohomocysteine
cpd03398_c,0.799605704724881,0.038315453273670405,20,Selenocystathionine
cpd00413_c,0.6291140774356774,0.03417681611023872,10,Glutaryl-CoA
cpd12754_c,0.388323479103072,0.033381846447139575,2,Cyanohydrin
cpd12755_c,0.388323479103072,0.033381846447139575,2,Cyanoglycoside
cpd00524_c,0.9506427915518825,0.03330227401311454,1,2-Inosose
cpd00122_e,0.6372773334358365,0.03173678411602379,3,N-Acetyl-D-glucosamine
cpd01092_c,0.7170563735129913,0.02955337794539373,8,Allantoin
cpd00196_c,0.7358115906287271,0.028435725336324193,22,Acetylphosphate
cpd00201_c,0.6826726206432409,0.027663587881825612,28,10-Formyltetrahydrofolate
cpd00809_c,0.7213016242676473,0.027524082482657697,26,O-Phospho-L-homoserine
cpd03389_c,0.7213016242676473,0.027524082482657697,26,Selenocysteine
cpd00709_e,0.42415890247224214,0.0267394863031443,38,beta D-Galactose
cpd00497_c,0.48383085024313327,0.025715285594092113,39,XMP
cpd01553_c,0.44061345377261707,0.024692355107260082,26,Saligenin
cpd03698_c,0.44061345377261707,0.024692355107260082,26,Salicin-6P
cpd00653_c,0.5415516239464847,0.0239416642636824,6,D-Galactonate
cpd01133_e,0.47886265828739966,0.02280148588595257,7,Stachyose
cpd00770_c,0.651899991958564,0.02228168143090156,12,N-Formyl-L-glutamate
cpd00031_c,0.33711889895561153,0.021824939687096343,12,GDP
cpd00038_c,0.33711889895561153,0.021824939687096343,12,GTP
cpd00126_c,0.48638413979002204,0.021627927125030047,44,GMP
cpd00311_c,0.37336911189719657,0.021467131202228158,13,Guanosine
cpd00806_c,0.5575223725546378,0.02144206125878119,8,L-Fuculose1-phosphate
cpd01186_c,0.5575223725546378,0.02144206125878119,8,L-Fuculose
cpd00094_e,0.5394466895935195,0.02088135761650434,12,2-Oxobutyrate
cpd00805_c,0.545313568273678,0.02082766601254061,5,D-Tagatose 6-phosphate
cpd00214_c,0.33759982158882174,0.020475585230113055,44,Palmitate
cpd00492_c,0.4800551078468984,0.020277185514183154,29,N-Acetyl-D-mannosamine
cpd00492_e,0.4800551078468984,0.020277185514183154,29,N-Acetyl-D-mannosamine
cpd00894_c,0.5692229000601333,0.019408717927142185,7,2-Dehydro-3-deoxy-D-galactonate
cpd00945_c,0.5692229000601333,0.019408717927142185,7,2-Dehydro-3-deoxy-D-galactonate 6-phosphate
cpd00415_c,0.5349355925770279,0.019300564409773117,51,Quinol
cpd00479_c,0.5349355925770279,0.019300564409773117,51,Gentisate
cpd00216_c,0.4021856603581765,0.019211033577335283,36,Chorismate
cpd00751_c,0.5048010664419245,0.0190824559791352,9,L-Fucose
cpd00751_e,0.5048010664419245,0.0190824559791352,9,L-Fucose
cpd00106_c,0.5313379394744197,0.018693214006418005,86,Fumarate
cpd00780_c,0.5313379394744197,0.018693214006418005,86,Fumarylacetoacetate
cpd00589_c,0.5116869756265754,0.018553239919483357,16,D-Tagatose
cpd01171_c,0.5116869756265754,0.018553239919483357,16,Dulcose
cpd00516_c,0.3089078364320903,0.01845720605628221,17,"meso-2,6-Diaminopimelate"
cpd00617_c,0.7186554022920101,0.018367060892378224,21,Lactoyl-CoA
cpd00663_c,0.7186554022920101,0.018367060892378224,21,Acrylyl-CoA
cpd00300_c,0.701950641718303,0.018349256795081082,11,Urate
cpd00705_c,0.6024459533231441,0.018112596032176735,30,L-2-Aminoadipate
cpd00119_c,0.6834578774116022,0.017942432285064272,25,L-Histidine
cpd00119_e,0.6834578774116022,0.017942432285064272,25,L-Histidine
cpd00065_c,0.8443949981171205,0.01779024872797754,5,L-Tryptophan
cpd00359_c,0.8443949981171205,0.01779024872797754,5,indol
cpd01240_c,0.4507330945960728,0.017761621126734642,2,D-Glucoside
cpd11848_c,0.4507330945960728,0.017761621126734642,2,ROH
cpd00909_c,0.8225247059838775,0.017728405414897296,20,1-Aminocyclopropane-1-carboxylate
cpd00277_c,0.7373165851074278,0.017664694830018007,17,Deoxyguanosine
cpd00296_c,0.7373165851074278,0.017664694830018007,17,dGMP
cpd00061_c,0.48454535719465514,0.017590179759855808,66,Phosphoenolpyruvate
cpd02612_c,0.48454535719465514,0.017590179759855808,66,N-Acetylmannosamine 6-phosphate
cpd03733_c,0.48454535719465514,0.017590179759855808,66,N-Acetylneuraminate 9-phosphate
cpd00348_c,0.4289896320103363,0.017350621709072495,81,D-Galactose 1-phosphate
cpd00709_c,0.4289896320103363,0.017350621709072495,81,beta D-Galactose
cpd00060_c,0.5781909433893679,0.017314150092395304,73,L-Methionine
cpd00087_c,0.5781909433893679,0.017314150092395304,73,Tetrahydrofolate
cpd00135_c,0.5781909433893679,0.017314150092395304,73,Homocysteine
cpd00345_c,0.5781909433893679,0.017314150092395304,73,5-Methyltetrahydrofolate
cpd00489_e,1.0,0.016449229846072524,2,4-Hydroxyphenylacetate
cpd00139_c,0.40005484669224767,0.016427083270419952,14,Glycolate
cpd00599_c,0.5978189046843785,0.01607734220115087,59,SALC
cpd00878_c,0.3704358162020655,0.01570548391193236,9,Glucocerebroside
cpd00947_c,0.3704358162020655,0.01570548391193236,9,LacCer
cpd00071_c,0.6984048724971879,0.015459359355898265,42,Acetaldehyde
cpd00285_c,0.6984048724971879,0.015459359355898265,42,Phosphoethanolamine
cpd02043_c,0.4984907420538391,0.014847882656987,48,(S)-4-Hydroxymandelate
cpd00248_c,0.5632259403927186,0.014788237302018208,49,Quinate
cpd00699_c,0.5632259403927186,0.014788237302018208,49,5-Dehydroquinate
cpd00191_c,0.7627894821793734,0.014399591445875,43,3-Oxopropanoate
cpd00745_c,0.7627894821793734,0.014399591445875,43,Hydracrylic acid
cpd02394_c,0.7018853402626559,0.014354948555458286,10,GAR
cpd02678_c,0.7018853402626559,0.014354948555458286,10,N-Formyl-GAR
cpd02775_c,0.2205775218613987,0.014273445498128914,12,4-Amino-5-phosphomethyl-2-methylpyrimidine
cpd15584_e,0.38281155290826807,0.012425964048964162,11,alpha-Methyl-D-glucoside
cpd02120_c,0.2619650759124856,0.012165562071372368,95,Dihydrodipicolinate
cpd02465_c,0.2619650759124856,0.012165562071372368,95,tetrahydrodipicolinate
cpd02273_c,0.3486722100191789,0.01209101739616226,8,L-threo-3-Methylaspartate
cpd03591_c,0.3486722100191789,0.01209101739616226,4,Methyloxaloacetate
cpd00396_e,0.2868409707164685,0.01202513887059526,4,L-Rhamnose
cpd00012_c,0.5243385254902707,0.011838382737024297,160,PPi
cpd01741_c,0.5243385254902707,0.011838382737024297,160,ddca
cpd11468_c,0.5243385254902707,0.011838382737024297,160,Dodecanoyl-ACP
cpd11493_c,0.5243385254902707,0.011838382737024297,160,ACP
cpd00294_c,0.8373440075347304,0.011809904509727073,1,dAMP
cpd00426_c,0.6169809026998639,0.01180499642308069,56,Homogentisate
cpd00763_c,0.6169809026998639,0.01180499642308069,56,4-Maleylacetoacetate
cpd00013_c,0.5301962461741934,0.011800854899503575,352,NH3
cpd00388_c,0.5301962461741934,0.011800854899503575,352,Allantoate
cpd00465_c,0.5301962461741934,0.011800854899503575,352,Ureidoglycolate
cpd00014_c,0.4988447520072442,0.011731057170776273,129,UDP
cpd00043_c,0.4988447520072442,0.011731057170776273,129,UDP-galactose
cpd00208_c,0.4988447520072442,0.011731057170776273,129,LACT
cpd00396_c,0.3735423334029889,0.011446439273497198,13,L-Rhamnose
cpd00642_c,0.3735423334029889,0.011446439273497198,13,L-Rhamnulose
cpd00070_c,0.4842524048094977,0.011202387050291071,75,Malonyl-CoA
cpd00134_c,0.4842524048094977,0.011202387050291071,75,Palmitoyl-CoA
cpd01695_c,0.4842524048094977,0.011202387050291071,75,Myristoyl-CoA
cpd00208_e,0.5191073632547563,0.011170117578620287,14,LACT
cpd00033_c,0.6115422189945449,0.011161887221291798,122,Glycine
cpd00040_c,0.6115422189945449,0.011161887221291798,122,Glyoxalate
cpd00858_c,0.6115422189945449,0.011161887221291798,122,L-Glutamate5-semialdehyde
cpd00155_c,0.35078771556949445,0.01087055323806051,5,Glycogen
cpd15302_c,0.35078771556949445,0.01087055323806051,5,glycogen(n-1)
cpd11640_c,0.9405750798722045,0.010737725487507706,6,H2
cpd00167_c,0.38969677279046905,0.010605073714130955,9,Ceramide
cpd01743_c,0.38969677279046905,0.010605073714130955,9,Cerebroside
cpd15584_c,0.34471938598124735,0.010576001328126682,14,alpha-Methyl-D-glucoside
cpd01080_e,0.3214954886695699,0.01055324412720847,4,ocdca
cpd01030_c,0.3951464199613585,0.010481562325409153,6,Salicin
cpd00026_c,0.4744509521317873,0.010052177707679834,83,UDP-glucose
cpd00144_c,0.4744509521317873,0.010052177707679834,83,UDPglucuronate
cpd15295_c,0.5448396206722415,0.009633607409806698,10,Tetradecenoyl-CoA
cpd00246_e,0.4159381977008515,0.009497485508733059,16,Inosine
cpd00339_c,0.8748949049941147,0.00937896616443287,2,5-Aminopentanoate
cpd00567_c,0.8748949049941147,0.00937896616443287,2,D-Proline
cpd01770_c,0.8748949049941147,0.00937896616443287,2,N6-Acetyl-L-lysine
cpd01979_c,0.8748949049941147,0.00937896616443287,3,5-Acetamidopentanoate
cpd03291_c,0.8748949049941147,0.00937896616443287,3,2-Oxo-6-acetamidocaproate
cpd00020_c,0.535723743726501,0.009305970782062965,541,Pyruvate
cpd00035_c,0.535723743726501,0.009305970782062965,541,L-Alanine
cpd00229_c,0.2678578176334739,0.009286354208893456,88,Glycolaldehyde
cpd00939_c,0.2678578176334739,0.009286354208893456,88,Toxopyrimidine
cpd02140_c,0.2678578176334739,0.009286354208893456,88,AIR
cpd00085_c,0.4918939035967737,0.009232130856870161,88,beta-Alanine
cpd01504_c,0.4918939035967737,0.009232130856870161,88,3-Aminopropanal
cpd00121_e,0.3952527591586194,0.009215507666579817,2,L-Inositol
cpd00868_c,0.5828870703143935,0.00920616049684381,46,p-hydroxyphenylpyruvate
cpd11594_c,0.3829153313785203,0.009138016241884286,46,Dextrin
cpd11594_e,0.3829153313785203,0.009138016241884286,46,Dextrin
cpd00095_c,0.46227979887038484,0.00911198299327724,15,Glycerone-phosphate
cpd02333_c,0.46227979887038484,0.00911198299327724,15,Quinolinate
cpd00018_c,0.5056183190792802,0.009092992672711632,158,AMP
cpd00042_c,0.5056183190792802,0.009092992672711632,158,GSH
cpd00081_c,0.5056183190792802,0.009092992672711632,158,Sulfite
cpd00111_c,0.5056183190792802,0.009092992672711632,158,Oxidized glutathione
cpd00193_c,0.5056183190792802,0.009092992672711632,158,APS
cpd00327_c,0.651680170409925,0.009081547869379479,63,strcoa
cpd15329_c,0.651680170409925,0.009081547869379479,63,1-octadecanoyl-sn-glycerol 3-phosphate
cpd15526_c,0.651680170409925,0.009081547869379479,63,"1,2-dioctadecanoyl-sn-glycerol 3-phosphate"
cpd00083_c,1.0,0.009080863574071521,1,GDP-mannose
cpd00162_c,0.29748092961624467,0.008907685223442268,23,Aminoethanol
cpd00309_c,0.6184127440098636,0.008697335359551835,65,XAN
cpd00475_c,0.6184127440098636,0.008697335359551835,65,Ribose 1-phosphate
cpd01217_c,0.6184127440098636,0.008697335359551835,65,Xanthosine
cpd00062_c,0.4552687045672256,0.008520399123001836,31,UTP
cpd00127_c,0.5563766119568097,0.008506482094397411,36,Phenol
cpd15274_c,0.5408531365094456,0.008416675336431154,52,Octadecenoyl-CoA
cpd00010_c,0.5712011933728839,0.008370834371657417,1247,CoA
cpd00011_c,0.5712011933728839,0.008370834371657417,1247,CO2
cpd00086_c,0.5712011933728839,0.008370834371657417,1247,Propionyl-CoA
cpd00094_c,0.5712011933728839,0.008370834371657417,1247,2-Oxobutyrate
cpd15876_c,0.5712011933728839,0.008370834371657417,1247,ferredoxin (oxidized) 2[4Fe-4S]
cpd15877_c,0.5712011933728839,0.008370834371657417,1247,ferredoxin (reduced) 2[4Fe-4S]
cpd00053_c,0.5021015336694037,0.008318710196691123,83,L-Glutamine
cpd11620_c,0.5021015336694037,0.008318710196691123,83,Reducedferredoxin
cpd11621_c,0.5021015336694037,0.008318710196691123,83,Oxidizedferredoxin
cpd03561_c,0.43767240247147726,0.00799686141673161,12,2-Hydroxybutyrate
cpd03561_e,0.43767240247147726,0.00799686141673161,12,2-Hydroxybutyrate
cpd00831_c,0.36260851371335423,0.007928395014698256,8,L-Rhamnulose 1-phosphate
cpd00002_c,0.46377708549270075,0.007910002518217874,571,ATP
cpd00206_c,0.46377708549270075,0.007910002518217874,571,dCMP
cpd00295_c,0.46377708549270075,0.007910002518217874,571,dGDP
cpd00654_c,0.46377708549270075,0.007910002518217874,571,Deoxycytidine
cpd00011_e,0.5187530427565049,0.007875431834928103,3,CO2
cpd03845_e,0.5218527329328265,0.007765050088283144,16,beta-Cellobiose
cpd00036_c,0.6158157843572218,0.007701138967055622,249,Succinate
cpd00142_c,0.6158157843572218,0.007701138967055622,249,Acetoacetate
cpd00279_c,0.6158157843572218,0.007701138967055622,249,Acetoacetyl-CoA
cpd00874_c,1.0,0.007693058877206216,10,"(3S,5S)-3,5-Diaminocaproate"
cpd02294_c,1.0,0.007693058877206216,15,(S)-5-Amino-3-oxohexanoate
cpd03044_c,1.0,0.007693058877206216,15,3-Aminobutanoyl-CoA
cpd00351_c,0.5671437800870601,0.007641729773558814,59,Saccharopine
cpd02522_c,0.5671437800870601,0.007641729773558814,59,2-Aminoadipate 6-semialdehyde
cpd00001_c,0.5259813654978737,0.007614745162698701,6206,H2O
cpd00005_c,0.5259813654978737,0.007614745162698701,6206,NADPH
cpd00006_c,0.5259813654978737,0.007614745162698701,6206,NADP
cpd00067_c,0.5259813654978737,0.007614745162698701,6206,H+
cpd00136_c,0.5259813654978737,0.007614745162698701,6206,4-Hydroxybenzoate
cpd00484_c,0.5259813654978737,0.007614745162698701,6206,p-Hydroxybenzaldehyde
cpd00069_c,0.48415301595633625,0.0075690099216543655,30,L-Tyrosine
cpd01030_e,0.40022061147397564,0.007485742162286538,6,Salicin
cpd00003_c,0.5610013264038738,0.007371560766026818,1185,NAD
cpd00004_c,0.5610013264038738,0.007371560766026818,1185,NADH
cpd00161_c,0.5610013264038738,0.007371560766026818,1185,L-Threonine
cpd02211_c,0.5610013264038738,0.007371560766026818,1185,L-2-Amino-acetoacetate
cpd03198_e,0.5880924365147474,0.0073445019108827276,23,Melibiose
cpd00022_c,0.5512777720192912,0.007285993284767628,391,Acetyl-CoA
cpd00029_c,0.5512777720192912,0.007285993284767628,391,Acetate
cpd00137_c,0.5512777720192912,0.007285993284767628,391,Citrate
cpd00442_c,0.5512777720192912,0.007285993284767628,391,(3S)-Citryl-CoA
cpd00122_c,0.3395911267930175,0.007244540605246396,17,N-Acetyl-D-glucosamine
cpd00293_c,0.3395911267930175,0.007244540605246396,17,N-Acetyl-D-glucosamine 6-phosphate
cpd01647_c,0.7311286647951015,0.007215791237344893,14,2-Phenylacetamide
cpd14795_c,0.7311286647951015,0.007215791237344893,14,Benzyl cyanide
cpd00791_c,0.34770045782102554,0.007086857920926085,57,ProtoporphyrinogenIX
cpd01476_c,0.34770045782102554,0.007086857920926085,57,Protoporphyrin
cpd00080_c,0.6913872381141962,0.0070169724910869175,24,Glycerol-3-phosphate
cpd00039_c,0.6412609447967452,0.006999252921215291,46,L-Lysine
cpd00840_c,0.6412609447967452,0.006999252921215291,46,L-beta-Lysine
cpd00048_c,0.4657103622822552,0.0069550578633033626,21,Sulfate
cpd00346_c,0.45533300316839403,0.006920859257231862,52,L-Aspartate4-semialdehyde
cpd02095_c,0.45533300316839403,0.006920859257231862,52,"L-2,4-Diaminobutyrate"
cpd00017_c,0.5777221031065675,0.00689451406491645,126,S-Adenosyl-L-methionine
cpd00019_c,0.5777221031065675,0.00689451406491645,126,S-Adenosyl-homocysteine
cpd01589_c,0.5777221031065675,0.00689451406491645,126,6-Hydroxymellein
cpd01591_c,0.5777221031065675,0.00689451406491645,126,6-Methoxymellein
cpd00008_c,0.4413072867540138,0.0066653407096293376,408,ADP
cpd00297_c,0.4413072867540138,0.0066653407096293376,408,dTDP
cpd00298_c,0.4413072867540138,0.0066653407096293376,408,dTMP
cpd19001_e,0.5299534682677076,0.006489185034996419,34,alpha-D-Glucose
cpd00007_c,0.547823466666153,0.006388657286542371,763,O2
cpd00109_c,0.547823466666153,0.006388657286542371,763,Cytochrome c3+
cpd00110_c,0.547823466666153,0.006388657286542371,763,Cytochrome c2+
cpd04399_c,0.6006838663205385,0.0063437156693965935,72,Theophylline
cpd15074_c,0.6006838663205385,0.0063437156693965935,72,1-Methylxanthine
cpd00147_c,0.3584164903273848,0.006312904469466941,50,5-Methylthioadenosine
cpd00227_c,0.3584164903273848,0.006312904469466941,50,L-Homoserine
cpd00102_c,0.605278649852762,0.006306067367831616,16,Glyceraldehyde3-phosphate
cpd02210_c,0.605278649852762,0.006306067367831616,16,Indoleglycerol phosphate
cpd00084_c,0.5039522206920032,0.006209933874993442,87,L-Cysteine
cpd00239_c,0.5039522206920032,0.006209933874993442,87,H2S
cpd00738_c,0.5039522206920032,0.006209933874993442,87,phosphoserine
cpd00246_c,0.5006892495775372,0.006207449691830489,25,Inosine
cpd00412_c,0.3461148208177212,0.006183222412456598,11,Deoxyuridine
cpd00023_e,0.47166876594883717,0.006156366352545191,564,L-Glutamate
cpd00067_e,0.47166876594883717,0.006156366352545191,564,H+
cpd01293_e,0.37455822572514164,0.006112148602196866,8,5-Oxoproline
cpd01646_c,0.14377682403433467,0.006061071863664934,2,2-Isopropylmalate
cpd00382_e,0.5254501638737292,0.006045735752673622,26,Melitose
cpd00066_c,0.5424430321859816,0.006025135511198433,19,L-Phenylalanine
cpd14796_c,0.5424430321859816,0.006025135511198433,19,(Z)-Phenylacetaldehyde oxime
cpd00489_c,0.8105230565893035,0.006001648541357016,20,4-Hydroxyphenylacetate
cpd01042_c,0.8105230565893035,0.006001648541357016,20,p-Cresol
cpd00108_c,0.5125279801287749,0.005921411156082229,65,Galactose
cpd00382_c,0.5125279801287749,0.005921411156082229,65,Melitose
cpd01133_c,0.5125279801287749,0.005921411156082229,65,Stachyose
cpd00101_c,0.4193349534294421,0.0058654200144906184,28,ribose-5-phosphate
cpd00808_c,0.4193349534294421,0.0058654200144906184,28,L-ribulose-5-phosphate
cpd00430_c,0.7440952558982239,0.0058565365667271356,25,PACT
cpd03480_c,0.7440952558982239,0.0058565365667271356,25,2-Hydroxyphenylacetate
cpd00142_e,0.4156469934902113,0.005848036089132073,46,Acetoacetate
cpd00023_c,0.5237527424326416,0.005845983724844314,546,L-Glutamate
cpd00024_c,0.5237527424326416,0.005845983724844314,546,2-Oxoglutarate
cpd00054_c,0.5237527424326416,0.005845983724844314,546,L-Serine
cpd00145_c,0.5237527424326416,0.005845983724844314,546,Hydroxypyruvate
cpd00221_c,0.3882129661031953,0.005841504003910701,21,D-Lactate
cpd00334_c,0.3882129661031953,0.005841504003910701,21,L-Lactaldehyde
cpd00047_c,0.6474439068713007,0.005755713385728115,176,Formate
cpd00180_c,0.6474439068713007,0.005755713385728115,176,Oxalate
cpd00137_e,0.46260139044917425,0.005725951223229559,5,Citrate
cpd10516_c,0.46260139044917425,0.005725951223229559,5,fe3
cpd00027_c,0.45067830479720683,0.005671461416293411,138,D-Glucose
cpd02760_c,0.45067830479720683,0.005671461416293411,138,cellobiose 6-phoshate
cpd00072_c,0.3706731071640398,0.005670111125087147,90,D-fructose-6-phosphate
cpd00491_c,0.3706731071640398,0.005670111125087147,90,D-mannitol-1-phosphate
cpd01293_c,0.42728734278288627,0.00559877153983164,20,5-Oxoproline
cpd05158_c,0.4339926573483603,0.005573496776234999,54,Gentiobiose
cpd05158_e,0.4339926573483603,0.005573496776234999,54,Gentiobiose
cpd00843_c,0.5768227304262884,0.005560187188793829,19,Tartronate semialdehyde
cpd00025_c,0.5326303917686386,0.005382219009939835,409,H2O2
cpd00055_c,0.5326303917686386,0.005382219009939835,409,Formaldehyde
cpd00190_c,0.5420813581839269,0.0053107071915649276,80,beta-D-Glucose
cpd03198_c,0.5420813581839269,0.0053107071915649276,80,Melibiose
cpd00009_c,0.4181443180163982,0.0052753589291351585,806,Phosphate
cpd00009_e,0.4181443180163982,0.0052753589291351585,806,Phosphate
cpd00079_c,0.4181443180163982,0.0052753589291351585,806,D-glucose-6-phosphate
cpd00079_e,0.4181443180163982,0.0052753589291351585,806,D-glucose-6-phosphate
cpd15073_c,0.6366193882245801,0.005262598792323675,36,3-Methylxanthine
cpd15237_c,0.705003648936603,0.0051568768049889985,23,hexadecenoate
cpd00249_c,0.40776155801188657,0.00509460814185292,13,Uridine
cpd00367_c,0.40776155801188657,0.00509460814185292,13,Cytidine
cpd10515_c,0.46578080557374724,0.005013693833873988,14,Fe2+
cpd10516_e,0.46578080557374724,0.005013693833873988,14,fe3
cpd00072_e,0.22354050001075673,0.004997753271818384,29,D-fructose-6-phosphate
cpd00032_c,0.6000892172009891,0.004994555298392085,52,Oxaloacetate
cpd00320_c,0.6000892172009891,0.004994555298392085,52,D-Aspartate
cpd00830_c,0.6000892172009891,0.004994555298392085,52,4-Hydroxy-2-oxoglutarate
cpd01974_c,0.6000892172009891,0.004994555298392085,52,4-Hydroxy-L-glutamate
cpd01502_c,0.8321325111103072,0.004969563188753712,8,Citraconate
cpd01700_c,0.8321325111103072,0.004969563188753712,8,D-Citramalate
cpd03593_c,0.8321325111103072,0.004969563188753712,8,D-erythro-3-Methylmalate
cpd02021_c,0.20020748987424933,0.004772732674507488,24,Succinylbenzoyl-CoA
cpd00353_c,0.5109336782920878,0.004709863678473299,13,D-threo-Isocitric acid
cpd02555_c,0.3244308042968085,0.0046937578306141155,11,Tetrahydropteroyltri-L-glutamate
cpd02738_c,0.3244308042968085,0.0046937578306141155,11,5-Methyltetrahydropteroyltri-L-glutamate
cpd00076_e,0.3934125444638427,0.004651842125790953,81,Sucrose
cpd01693_c,0.3934125444638427,0.004651842125790953,81,6-Phosphosucrose
cpd00159_c,0.5492401298508572,0.004600988455099588,79,L-Lactate
cpd00097_c,0.4801440329218106,0.004575850072142125,1,Pyrroloquinoline-quinone
cpd00986_c,0.4801440329218106,0.004575850072142125,1,PQQH2
cpd00219_c,0.0952186241843667,0.004520559752950301,12,Prephenate
cpd00171_c,0.31322482675158236,0.0045136060585948086,21,D-Ribulose5-phosphate
cpd00179_e,0.4210258041652073,0.004385022521181767,47,Maltose
cpd01919_c,0.4210258041652073,0.004385022521181767,47,maltose-6-phosphate
cpd15352_c,0.4243671551675963,0.004372623573932166,50,2-Demethylmenaquinone 8
cpd15353_c,0.4243671551675963,0.004372623573932166,50,2-Demethylmenaquinol 8
cpd03375_c,0.8933285769167444,0.0043204918864150985,2,3-Hydroxypropanoyl-CoA
cpd00222_c,0.5540907798442591,0.004255633403496967,33,GLCN
cpd00222_e,0.5540907798442591,0.004255633403496967,33,GLCN
cpd01080_c,0.6154917455064015,0.004193600204394024,57,ocdca
cpd15269_c,0.6154917455064015,0.004193600204394024,57,octadecenoate
cpd00089_c,0.46733485551165743,0.004177042153419505,90,Glucose-1-phosphate
cpd11225_c,0.2240792973663429,0.004168288763850173,18,3-4-dihydroxy-2-butanone4-phosphate
cpd00091_c,0.4288484649456282,0.004101863346243006,17,UMP
cpd00029_e,0.34464740122584986,0.004064396905416676,50,Acetate
cpd03671_c,0.06758526077150233,0.004056766842651154,6,D-Glucosamine1-phosphate
cpd00477_c,0.660372825464812,0.00394048720987947,17,N-Acetyl-L-glutamate
cpd00121_c,0.7052028597270852,0.0039202507431179085,13,L-Inositol
cpd00910_c,0.7052028597270852,0.0039202507431179085,13,Galactinol
cpd01709_c,0.8367466371506314,0.003914509719399327,8,2-Hydroxyglutarate
cpd00453_c,0.5750504338617236,0.003906862078836622,2,"1,2-Propanediol"
cpd12072_c,0.3432098765432099,0.0038192733349833455,1,Protein dithiol
cpd12139_c,0.3432098765432099,0.0038192733349833455,1,Protein disulfide
cpd08301_c,0.24368330318622713,0.003725493077826001,3,2-C-methyl-D-erythritol2-4-cyclodiphosphate
cpd08615_c,0.24368330318622713,0.003725493077826001,3,1-Hydroxy-2-methyl-2-butenyl 4-diphosphate
cpd00519_c,0.26798789445056787,0.003699586920090032,10,D-methylmalonyl-CoA
cpd00891_c,0.26798789445056787,0.003699586920090032,10,L-methylmalonyl-CoA
cpd08786_c,0.26798789445056787,0.003699586920090032,10,"8,8a-Deoxyoleandolide"
cpd00138_e,0.38683398293796195,0.00368200347882563,26,D-Mannose
cpd00235_c,0.38683398293796195,0.00368200347882563,26,D-mannose-6-phosphate
cpd17049_c,0.2140081961209768,0.003569185848109621,14,3-aminopropanaldehyde
cpd00075_c,0.3598748056264268,0.0035177001593088824,25,Nitrite
cpd00197_c,0.8189730874086869,0.0034993622863979256,30,Protocatechuate
cpd01716_c,0.8189730874086869,0.0034993622863979256,30,3-Dehydroshikimate
cpd02386_c,0.1330589849108368,0.003480808893070153,1,2-Dehydro-3-deoxy-D-xylonate
cpd28293_c,0.6195312499999999,0.0034660080510518325,4,UDP-GLUCOSE
cpd01017_c,0.49626076186805856,0.003374841716648306,6,Cys-Gly
cpd01307_c,0.4139622447007761,0.003360739673417414,57,D-Lyxitol
cpd01307_e,0.4139622447007761,0.003360739673417414,57,D-Lyxitol
cpd15560_c,0.4276406205389999,0.003328108037437996,61,Ubiquinone-8
cpd15561_c,0.4276406205389999,0.003328108037437996,61,Ubiquinol-8
cpd01772_c,0.24111758993925822,0.003272324813065358,60,Succinylbenzoate
cpd03451_c,0.24111758993925822,0.003272324813065358,60,SHCHC
cpd10515_e,1.0,0.0032538639306624838,1,Fe2+
cpd00141_e,0.4914005982749366,0.0032467823370852535,24,Propionate
cpd02069_c,0.7075728869404952,0.003235767167483029,10,3-Phosphonooxypyruvate
cpd00241_c,0.40306791861923313,0.003173242062586003,36,dGTP
cpd00880_c,0.5338531938132685,0.003168413919879713,21,1-Phospho-alpha-D-glucuronate
cpd05264_c,0.5468007167344203,0.0030924160112336388,38,beta-D-Glucuronic acid
cpd05264_e,0.5468007167344203,0.0030924160112336388,38,beta-D-Glucuronic acid
cpd00209_c,0.47896077251988056,0.0030549275553270164,49,Nitrate
cpd00418_c,0.47896077251988056,0.0030549275553270164,49,NO
cpd02497_c,0.3924183434127406,0.0030404767641936323,6,D-Galacturonate 1-phosphate
cpd01335_c,0.1264478136230504,0.002972129757662999,8,Octanoyl-CoA
cpd00259_c,0.4004683186661306,0.002939056527276247,10,D-Lyxulose
cpd00247_c,0.2530608079082459,0.002910386985769883,189,Orotate
cpd00282_c,0.2530608079082459,0.002910386985769883,189,S-Dihydroorotate
cpd00364_c,0.2530608079082459,0.002910386985769883,189,Chinone
cpd00232_e,0.21070537723955685,0.002890792488362872,7,Neu5Ac
cpd00804_c,0.5061474224723796,0.0028902151177550473,9,Sorbitol 6-phosphate
cpd03847_c,0.42072449056229205,0.0028870415647002682,11,Myristic acid
cpd00179_c,0.46293773012622835,0.0028775631319099327,62,Maltose
cpd01262_c,0.46293773012622835,0.0028775631319099327,62,Amylotriose
cpd04117_c,1.0,0.002861618957479697,4,4-Methylcatechol
cpd00205_c,0.6711714000450039,0.0028446442706876293,35,K+
cpd00205_e,0.6711714000450039,0.0028446442706876293,35,K+
cpd00818_c,0.45334483031321277,0.002779697419362887,4,6-Phospho-D-galactose
cpd00333_c,0.6255473412225605,0.0027667064600923083,22,(E)-Cinnamate
cpd00604_c,0.6255473412225605,0.0027667064600923083,22,4-Coumarate
cpd00515_c,0.540174269397493,0.0027230081406849427,30,5-Dehydro-4-deoxy-D-glucarate
cpd00609_c,0.540174269397493,0.0027230081406849427,30,D-Glucarate
cpd00108_e,0.5424946700672992,0.0027090618084912687,7,Galactose
cpd00082_c,0.4861299753082426,0.0026700987738144163,75,D-Fructose
cpd00082_e,0.4861299753082426,0.0026700987738144163,75,D-Fructose
cpd00015_c,0.6462361871163943,0.0026445002921378275,107,FAD
cpd00120_c,0.6462361871163943,0.0026445002921378275,107,Butyryl-CoA
cpd00982_c,0.6462361871163943,0.0026445002921378275,107,FADH2
cpd00117_c,0.43909148194868863,0.0026242395789573118,37,D-Alanine
cpd00264_c,0.37402092398146014,0.002603836223151809,61,Spermidine
cpd19442_c,0.37402092398146014,0.002603836223151809,61,Carboxyspermidine
cpd00315_c,0.6446541506753438,0.002596639141735602,4,GDP-glucose
cpd26869_c,0.20964014526246288,0.0025548317595848673,2,DIOH-ISOVALERATE
cpd00141_c,0.5931300713919301,0.0025249898555282065,32,Propionate
cpd00438_c,0.734917519455664,0.002505999391153307,5,Deoxyadenosine
cpd03279_c,0.734917519455664,0.002505999391153307,5,Deoxyinosine
cpd00013_e,0.14038106130005573,0.002480507822763949,24,NH3
cpd00658_c,0.29358792874260153,0.0023866768826651084,29,Isochorismate
cpd15540_c,0.6705933507880187,0.0023725936765697686,3,Phosphatidylglycerol dioctadecanoyl
cpd15547_c,0.6705933507880187,0.0023725936765697686,3,Phosphatidylglycerophosphate dioctadecanoyl
cpd00907_c,0.10113062046351969,0.0023649418611523094,3,"alpha-D-glucose-1,6-biphosphate"
cpd00115_c,0.42933175732390894,0.0023490571761965486,4,dATP
cpd00177_c,0.42933175732390894,0.0023490571761965486,4,dADP
cpd00276_c,0.42933175732390894,0.0023490571761965486,4,GLUM
cpd00232_c,0.20290880791389146,0.002324547621289371,11,Neu5Ac
cpd00324_c,0.8167766529692484,0.0023053214241035617,12,MTTL
cpd01171_e,0.48541284978381877,0.0022758315781026468,3,Dulcose
cpd00288_c,0.35421151167772963,0.0022585182312080117,23,D-Glucosamine phosphate
cpd00138_c,0.4556266790313483,0.0022520364365167782,5,D-Mannose
cpd00242_c,0.21954105703379123,0.002249561737200291,37,H2CO3
cpd02893_c,0.21954105703379123,0.002249561737200291,37,5'-Phosphoribosyl-4-carboxy-5-aminoimidazole
cpd00437_c,0.424743879502111,0.002248304972324003,7,D-Tagaturonate
cpd00608_c,0.424743879502111,0.002248304972324003,7,D-Altronate
cpd00118_c,0.4577296896342062,0.0022341217567438377,56,Putrescine
cpd03802_c,0.4577296896342062,0.0022341217567438377,56,Homospermidine
cpd00114_c,0.6575773683700021,0.0022184952748861716,23,IMP
cpd00501_c,0.3872410081297765,0.00220424877040802,81,beta-D-Glucose 1-phosphate
cpd00523_c,0.3872410081297765,0.00220424877040802,81,Trehalose 6-phosphate
cpd00863_c,0.3872410081297765,0.00220424877040802,81,beta-D-Glucose 6-phosphate
cpd00650_c,0.9795618789521229,0.002176751284297678,24,Crotonyl-CoA
cpd16898_c,0.9795618789521229,0.002176751284297678,24,3-Hydroxybutyryl-CoA
cpd03122_c,0.3404668398361407,0.002174592185860062,4,(S)-Hydroxyhexanoyl-CoA
cpd03125_c,0.3404668398361407,0.002174592185860062,4,(2E)-Hexenoyl-CoA
cpd00931_c,0.26293760075200134,0.0021347688560816604,9,5-Amino-6--5-phosphoribosylaminouracil
cpd00957_c,0.26293760075200134,0.0021347688560816604,9,"2,5-Diamino-6-(5'-phosphoribosylamino)-4-pyrimidineone"
cpd00175_c,0.10822387455113634,0.0021303700634392503,8,UDP-N-acetyl-D-galactosamine
cpd00343_c,0.25697386804101346,0.002126944147181476,14,N-Carbamoyl-L-aspartate
cpd00146_c,0.5621787997960145,0.002125511533345694,33,Carbamoylphosphate
cpd00274_c,0.5621787997960145,0.002125511533345694,33,Citrulline
cpd19016_c,0.5621787997960145,0.002125511533345694,33,Ornithine
cpd00668_c,0.07341769507894898,0.0020911245017956287,6,ALCTT
cpd02498_c,0.07341769507894898,0.0020911245017956287,6,"2,3-Dihydroxy-isovalerate"
cpd00347_c,0.723375002984932,0.002072665222815775,4,5-10-Methenyltetrahydrofolate
cpd00502_c,0.723375002984932,0.002072665222815775,4,5-Formiminotetrahydrofolate
cpd00051_c,0.49529061399400237,0.0020709712037529984,43,L-Arginine
cpd00408_c,0.2162970729242359,0.0020700721756596306,18,Pantoate
cpd00644_c,0.2162970729242359,0.0020700721756596306,18,PAN
cpd00169_c,0.6116504652666822,0.002065621985697577,11,3-Phosphoglycerate
cpd00871_c,0.6116504652666822,0.002065621985697577,11,"D-Ribulose 1,5-bisphosphate"
cpd00281_c,0.633980188899104,0.0020141927100782346,24,GABA
cpd00281_e,0.633980188899104,0.0020141927100782346,24,GABA
cpd00472_c,0.41454713075645633,0.0020005920647979776,17,UDPgalacturonate
cpd00078_c,0.6084161160556032,0.0019645196688451334,76,Succinyl-CoA
cpd00199_c,0.6084161160556032,0.0019645196688451334,76,4-Oxobutanoate
cpd00100_c,0.5602483515024654,0.001963303578795006,26,Glycerol
cpd00100_e,0.5602483515024654,0.001963303578795006,26,Glycerol
cpd02570_c,0.40756434400502206,0.001961120898207141,1,Parapyruvate
cpd02734_c,0.40756434400502206,0.001961120898207141,1,4-Carboxy-2-hydroxymuconate semialdehyde
cpd00186_c,0.5652204364944017,0.0019556465361209897,15,D-Glutamate
cpd00706_c,0.5652204364944017,0.0019556465361209897,15,Mercaptopyruvate
cpd00342_c,0.5939749086565118,0.0019548306276062836,11,N-Acetylornithine
cpd02711_c,0.34539226529660527,0.001923311586043571,4,2-Keto-3-deoxy-6-phosphogluconate
cpd28162_c,0.1062222706308131,0.0019151790768214582,14,"(1S,6R)-2-succinyl-6-hydroxy-2,4-cyclohexadiene-1-carboxylate"
cpd00105_c,0.410563340538842,0.001881976563403942,19,D-Ribose
cpd00258_c,0.410563340538842,0.001881976563403942,19,D-Ribulose
cpd14699_c,0.1083632488713439,0.0018769257082481628,3,S-(3-Methylbutanoyl)-dihydrolipoamide-E
cpd00652_c,0.4137264027537031,0.0018572019300920992,22,D-Mucic acid
cpd00652_e,0.4137264027537031,0.0018572019300920992,22,D-Mucic acid
cpd03019_c,0.12291903769060426,0.0018541221368760029,21,N-Acetyl-beta-D-galactosamine
cpd15390_c,0.12291903769060426,0.0018541221368760029,21,N-Acetyl-D-galactosamine 1-phosphate
cpd00054_e,0.5256225822422488,0.0018295194201708095,127,L-Serine
cpd00971_c,0.5256225822422488,0.0018295194201708095,127,Na+
cpd00971_e,0.5256225822422488,0.0018295194201708095,127,Na+
cpd00260_c,0.4211435687089402,0.0018089434835153934,21,Isocitrate
cpd00016_c,0.453071175660993,0.0017288239818634143,7,Pyridoxal phosphate
cpd00493_c,0.453071175660993,0.0017288239818634143,7,Pyridoxamine phosphate
cpd00280_c,0.17971106078384919,0.0017223968317740587,9,D-Galacturonate
cpd00280_e,0.17971106078384919,0.0017223968317740587,9,D-Galacturonate
cpd00299_c,0.3022168199430796,0.001718830508548006,4,dUMP
cpd00609_e,0.4939248813391509,0.0016820923802253434,10,D-Glucarate
cpd00056_c,0.8526706674944241,0.0016495320519302082,3,TPP
cpd03049_c,0.8526706674944241,0.0016495320519302082,3,2-Hydroxyethyl-ThPP
cpd00340_c,0.43941877290611214,0.001646706612248137,6,"2,5-Dioxopentanoate"
cpd00200_c,0.3110801028679355,0.0016379796169276822,19,4MOP
cpd01882_c,0.3110801028679355,0.0016379796169276822,19,Isovaleryl-CoA
cpd00424_c,0.5687034187949055,0.0016299319722271205,12,Cystathionine
cpd02611_c,0.21403967170995056,0.0015987383221740716,5,N-Acetyl-D-glucosamine1-phosphate
cpd00861_c,0.4546152454062311,0.0015926925333093372,3,UDP-N-acetyl-D-mannosamine
cpd00024_e,0.4793423926269459,0.0015650719426905982,26,2-Oxoglutarate
cpd00116_c,0.574242130422173,0.0015420342449704737,103,Methanol
cpd12562_c,0.574242130422173,0.0015420342449704737,103,Protein C-terminal S-farnesyl-L-cysteine
cpd12603_c,0.574242130422173,0.0015420342449704737,103,Protein C-terminal S-farnesyl-L-cysteine methyl ester
cpd03315_c,0.7480110269306378,0.0015360889441808929,6,Gentisate aldehyde
cpd00550_c,0.20094305951429406,0.0015313506060018595,3,D-Serine
cpd00550_e,0.20094305951429406,0.0015313506060018595,3,D-Serine
cpd00035_e,0.44727980413205004,0.0015310853827170436,16,L-Alanine
cpd01135_c,0.9742370632463512,0.001511907107992634,3,Taxifolin
cpd03503_c,0.9742370632463512,0.001511907107992634,3,Resivit
cpd00176_c,0.491352924651678,0.0015104136280075795,18,2-keto-3-deoxygluconate
cpd15499_c,0.5706133531514274,0.0014999768232913263,64,Menaquinol 8
cpd15500_c,0.5706133531514274,0.0014999768232913263,64,Menaquinone 8
cpd00588_c,0.5869441816461684,0.0014861268131661834,7,Sorbitol
cpd00588_e,0.5869441816461684,0.0014861268131661834,7,Sorbitol
cpd19006_c,0.2620799607554577,0.0014808007185941226,2,alpha-D-Glucose 6-phosphate
cpd00498_c,0.2732587978571237,0.0014707256198396674,16,2-Aceto-2-hydroxybutanoate
cpd00508_c,0.2732587978571237,0.0014707256198396674,16,3MOP
cpd00051_e,0.4067286738135646,0.0014680916333825328,15,L-Arginine
cpd00053_e,0.4067286738135646,0.0014680916333825328,15,L-Glutamine
cpd00128_c,0.8191168691418755,0.0014203955687133844,23,Adenine
cpd00226_c,0.8191168691418755,0.0014203955687133844,23,HYXN
cpd02371_c,0.6760504201680673,0.0013994342015371836,1,"D-Tagatose 1,6-biphosphate"
cpd02439_c,0.6404665680110151,0.0013887723521409498,6,2-Dehydro-3-deoxy-D-glucarate
cpd03812_c,0.3315326130452181,0.0013679066420340606,3,N-Acetyl-D-galactosamine 6-phosphate
cpd03813_c,0.3315326130452181,0.0013679066420340606,3,D-Galactosamine 6-phosphate
cpd00093_c,0.6092004986497127,0.0013676329498636347,34,Anthranilate
cpd00231_c,0.6092004986497127,0.0013676329498636347,34,Dihydrobiopterin
cpd00233_c,0.6092004986497127,0.0013676329498636347,34,Tetrahydrobiopterin
cpd00483_c,0.6092004986497127,0.0013676329498636347,34,3-Hydroxyanthranilate
cpd00159_e,0.49618463892251763,0.0013616706657093532,20,L-Lactate
cpd03019_e,0.12479253806228677,0.001328407053697387,8,N-Acetyl-beta-D-galactosamine
cpd00123_c,0.4995414795965419,0.0013206632339592735,28,3-Methyl-2-oxobutanoate
cpd00213_c,0.4995414795965419,0.0013206632339592735,28,Lipoamide
cpd02700_c,0.4995414795965419,0.0013206632339592735,28,S-(2-Methylpropionyl)-dihydrolipoamide
cpd00726_c,0.5098956591892936,0.0013160947343203947,36,"1,3-Propanediamine"
cpd03828_c,0.6806217681252452,0.001313514499986365,8,"2,3-Diaminopropionate"
cpd00672_c,0.45655992240393073,0.0013119255172770418,9,D-Fructuronate
cpd00107_c,0.42200369122433173,0.001298413599970155,11,L-Leucine
cpd00143_c,0.42200369122433173,0.001298413599970155,11,Phenylpyruvate
cpd04139_c,1.0,0.0012896442456170325,6,"2-Hydroxy-5-methyl-cis,cis-muconic semialdehyde"
cpd00037_c,0.3425563949241738,0.0012851507894414492,5,UDP-N-acetylglucosamine
cpd19031_c,0.3425563949241738,0.0012851507894414492,5,N-Acetyl-alpha-D-glucosamine 1-phosphate
cpd03752_c,0.7302736846962452,0.0012757065957070108,5,Galactitol 1-phosphate
cpd00320_e,0.433966665096971,0.0012641173244897714,9,D-Aspartate
cpd00215_c,0.7071430726778679,0.0012607064848398687,33,Pyridoxal
cpd00419_c,0.7071430726778679,0.0012607064848398687,33,PM
cpd00041_c,0.4946725861806593,0.001255598941999005,102,L-Aspartate
cpd00064_c,0.5399066610046461,0.001250998033130216,279,Ornithine
cpd00129_c,0.5399066610046461,0.001250998033130216,279,L-Proline
cpd19013_c,0.5399066610046461,0.001250998033130216,279,NH4+
cpd15238_c,0.8126093846806012,0.0012350678907540112,7,Hexadecenoyl-CoA
cpd02187_c,0.7810035842293906,0.001222147316404739,3,Methacrylyl-CoA
cpd02503_c,0.7810035842293906,0.001222147316404739,3,3-Hydroxyisobutyryl-CoA
cpd00089_e,0.3734932989490214,0.0011793854158725703,24,Glucose-1-phosphate
cpd00794_c,0.6185435388002638,0.0011701580560100336,25,TRHL
cpd00794_e,0.6185435388002638,0.0011701580560100336,25,TRHL
cpd00064_e,0.4152208443925353,0.0011478816722454075,5,Ornithine
cpd02152_c,0.12406015037593987,0.0011280453323387245,2,L-Argininosuccinate
cpd00223_c,0.6863117588090182,0.0011173959790966087,21,Glycerate
cpd00836_c,0.5192442273412491,0.001087842317883209,14,S-Acetyldihydrolipoamide
cpd00077_c,0.7080455223036569,0.0010715806714929974,25,Catechol
cpd00518_c,0.7080455223036569,0.0010715806714929974,25,2-Hydroxymuconic semialdehyde
cpd00448_c,0.5806417353019442,0.0010674406664052494,8,D-Glyceraldehyde
cpd00760_c,0.5245139827871798,0.0010606098799412936,10,2-Methylbutyryl-CoA
cpd02125_c,0.5245139827871798,0.0010606098799412936,10,Tiglyl-CoA
cpd02692_c,0.5583100650042657,0.0010521180120647926,8,2-Amino-3-carboxymuconate semialdehyde
cpd00027_e,0.6295719844357976,0.0010452765983523537,1,D-Glucose
cpd00073_c,0.6329927505316025,0.0010396172991557241,25,Urea
cpd00068_c,0.5323245440481426,0.0010359812248725616,4,ITP
cpd00090_c,0.5323245440481426,0.0010359812248725616,4,IDP
cpd00076_c,0.4501918744944279,0.0010145753353938804,50,Sucrose
cpd00314_c,0.6012986293935473,0.0010139714228068932,11,D-Mannitol
cpd00314_e,0.6012986293935473,0.0010139714228068932,11,D-Mannitol
cpd00106_e,0.3889389479734106,0.000987563749661612,5,Fumarate
cpd04536_c,1.0,0.0009661731626704323,2,Carbonyl sulfide
cpd00482_c,0.7097819974059663,0.0009277815187600763,5,2-Phospho-D-glycerate
cpd00130_c,0.4756968801526237,0.0009260192367559634,112,L-Malate
cpd00130_e,0.4756968801526237,0.0009260192367559634,112,L-Malate
cpd00790_c,0.2009195080680957,0.0008959267237375543,3,O-Acetyl-L-homoserine
cpd03200_c,0.6524440836940837,0.0008954558494721508,3,Manninotriose
cpd00041_e,0.5212847111079681,0.000889320215360022,55,L-Aspartate
cpd00050_c,0.5105493661086583,0.0008873005564953825,3,FMN
cpd00220_c,0.5105493661086583,0.0008873005564953825,3,Riboflavin
cpd02812_c,0.26601775027124447,0.0008560932810752814,10,D-erythro-Isocitric acid
cpd19019_c,0.00559234174580973,0.0008427595640015718,3,L-Cystathionine
cpd08209_c,1.0,0.0008105001652499959,4,"2-Hydroxy-cis-hex-2,4-dienoate"
cpd00386_c,0.11860364267561527,0.0007846294132330554,8,D-Malate
cpd00386_e,0.11860364267561527,0.0007846294132330553,4,D-Malate
cpd11451_c,0.2642276422764227,0.0007766732496288407,1,mql7
cpd11606_c,0.2642276422764227,0.0007766732496288407,1,Menaquinone 7
cpd00290_c,0.5857498359566358,0.000740910358546403,4,"D-fructose-1,6-bisphosphate"
cpd01966_c,0.31977143962354637,0.0007373810681688726,7,Dimethylacryloyl-CoA
cpd02068_c,0.31977143962354637,0.0007373810681688726,7,3-Methylglutaconyl-CoA
cpd00322_c,0.36576061039580354,0.0007292592805520178,1,L-Isoleucine
cpd11711_c,0.6069483465720222,0.0007244648452704772,18,Protein glutamate
cpd12475_c,0.6069483465720222,0.0007244648452704772,18,Protein glutamate methyl ester
cpd21873_c,0.6429121132830538,0.0007224216652406155,4,2-HYDROXYGLUTARIC_ACID
cpd00164_c,0.6174128249701594,0.0006579975030871605,6,Glucuronate
cpd00125_c,0.6365952857929079,0.000649490366890386,11,5-10-Methylenetetrahydrofolate
cpd19035_c,0.7172605236103793,0.0006364545747612209,11,beta-D-Fructose 6-phosphate
cpd00132_c,0.5503561092166518,0.0006005175030512757,4,L-Asparagine
cpd00481_c,0.8324354454292837,0.0005990268374546588,11,Isobutyryl-CoA
cpd00268_c,0.3413099386068966,0.0005985210896639407,25,H2S2O3
cpd00268_e,0.3413099386068966,0.0005985210896639407,25,H2S2O3
cpd11657_c,0.5632963795423243,0.000598400344827426,8,Starch
cpd11735_c,0.5632963795423243,0.000598400344827426,8,Amylose
cpd02041_c,0.5250395134161117,0.0005659035531685825,6,(S)-2-Hydroxyglutarate
cpd00703_c,0.8306741876538203,0.0005606217304928839,18,Indoleacetate
cpd22713_c,0.8306741876538203,0.0005606217304928839,18,IAA methyl ester
cpd00802_c,0.6893778003937089,0.0005497048611205095,37,D-fructose-1-phosphate
cpd11712_c,0.6893778003937089,0.0005497048611205095,37,Protein histidine
cpd12508_c,0.6893778003937089,0.0005497048611205095,37,Protein N-pros-phosphohistidine
cpd15272_c,0.873444026503854,0.0005440295151556686,6,Octadecynoyl-CoA
cpd00235_e,0.35867518376916363,0.0005303711509753367,17,D-mannose-6-phosphate
cpd03194_c,0.6170455181009755,0.0004980525386538356,5,Lactose-6-phosphate
cpd00371_c,1.0,0.0004846825209300452,6,Propanal
cpd00717_c,0.9635025062656641,0.00048219179767921416,3,Aromadendrin
cpd02289_c,0.9635025062656641,0.00048219179767921416,3,"cis-3,4-Leucopelargonidin"
cpd00765_c,1.0,0.00048184981550234275,2,L-Gulonolactone
cpd00765_e,1.0,0.00048184981550234275,2,L-Gulonolactone
cpd01735_c,1.0,0.00048184981550234275,1,Glucurone
cpd00275_c,0.9389990557129367,0.00047890968944371487,1,L-Kynurenine
cpd03043_c,1.0,0.0004746910781233401,15,3-Hydroxybutanoyl-CoA
cpd00842_c,1.0,0.00047301805847827714,15,(S)-3-Hydroxybutyryl-CoA
cpd00182_c,0.5380983929618601,0.0004715133152751673,8,Adenosine
cpd03845_c,0.7201948476850834,0.00046979257522527265,10,beta-Cellobiose
cpd00245_c,0.7357690729851694,0.0004645207980797711,6,Aniline
cpd00443_c,0.7357690729851694,0.0004645207980797711,6,ABEE
cpd02535_c,0.33776286079190404,0.0004289369535533027,4,"2,3-Dihydroxy-3-methylvalerate"
cpd01399_c,0.5400533720417343,0.00042543323662743967,20,Maltotetraose
cpd03187_c,0.5635652377559773,0.00042313150851326734,15,Oxalosuccinate
cpd06588_c,0.7206240795780681,0.0004048368200780362,18,Juvenile hormone III
cpd16292_c,0.7206240795780681,0.0004048368200780362,18,Juvenile hormone III acid
cpd15495_c,0.6004145776614895,0.00039654101375912067,12,Maltopentaose
cpd04140_c,1.0,0.00039553452167304153,7,2-Oxohex-trans-4-enoate
cpd04141_c,1.0,0.00039553452167304153,7,4-Hydroxy-2-oxohexanoate
cpd00224_c,1.0,0.0003863537585558764,1,L-Arabinose
cpd00691_c,1.0,0.0003863537585558764,2,UDP-L-arabinose
cpd14703_c,0.4946236559139785,0.00038511402848018017,1,S-(2-Methylbutanoyl)-dihydrolipoamide-E
cpd00571_c,0.7859186465610474,0.0003845662832936128,14,Glucarate
cpd00356_c,0.44816383326455655,0.0003815956345353194,5,dCTP
cpd00358_c,0.44816383326455655,0.0003815956345353194,5,dUTP
cpd00047_e,0.7648625961905513,0.000380984902125806,17,Formate
cpd02305_c,0.86670197740113,0.0003574915591372002,4,HPL
cpd11665_c,0.7358892438764643,0.0003541774923633173,3,QH2
cpd11669_c,0.7358892438764643,0.0003541774923633173,3,Q
cpd02961_c,0.5049786628733997,0.00034874478894301894,2,Dihydroneopterin
cpd02978_c,0.5049786628733997,0.00034874478894301894,2,"7,8-Dihydroneopterin 3'-triphosphate"
cpd00795_c,0.7165129370924758,0.0003421618045151798,7,(R)-2-Hydroxyglutarate
cpd00080_e,0.6363942518372594,0.000299865404181996,4,Glycerol-3-phosphate
cpd00133_c,0.7005253173792501,0.00029527282533602534,5,Nicotinamide
cpd00218_c,0.7005253173792501,0.00029527282533602534,5,Niacin
cpd11830_c,0.4462222222222222,0.00029472035556178645,1,S-Aminomethyldihydrolipoylprotein
cpd12225_c,0.4462222222222222,0.00029472035556178645,1,Dihydrolipolprotein
cpd01844_c,0.7426457741385852,0.0002722840498715726,11,Propionyl phosphate
cpd00434_c,0.8455012132431488,0.0002686149893458627,16,4-Aminobutanal
cpd02234_c,1.0,0.00026738763973823554,17,(R)-3-Hydroxybutanoyl-CoA
cpd01041_c,1.0,0.00026321033756020716,2,m-Cresol
cpd01728_c,1.0,0.00026321033756020716,2,6-Methylsalicylate
cpd00696_c,1.0,0.00025590134633595666,2,"3',5'-Cyclic CMP"
cpd08625_c,0.7420316441183215,0.000255135256748402,2,5-Hydroxyisourate
cpd00292_c,0.43164546493647726,0.0002539358939973223,5,HMG-CoA
cpd17424_c,0.23821223715147438,0.00024137317879300028,2,2-Aminobut-2-enoate
cpd03521_c,1.0,0.00022895905507689765,1,Dihydroneopterin phosphate
cpd00504_c,0.3479456330872905,0.00022656186407536902,6,"LL-2,6-Diaminopimelate"
cpd00092_c,0.7438359187796946,0.0002256947580599167,8,Uracil
cpd00307_c,0.7438359187796946,0.0002256947580599167,8,Cytosine
cpd00403_c,0.4952774468597034,0.00022442672466140858,2,D-Mannonate
cpd00854_c,1.0,0.0002231896030263616,1,Homoprotocatechuate
cpd03326_c,1.0,0.0002231896030263616,1,"2-Hydroxyhepta-2,4-dienedioate"
cpd03708_c,1.0,0.0002231896030263616,1,"2,4-Dihydroxyhept-2-enedioate"
cpd00357_c,0.004888639836461206,0.00021871276766004269,2,TTP
cpd00158_c,0.7478696636148889,0.00019036840886189674,3,CELB
cpd09077_c,0.724719503889307,0.00018716055056830472,12,Methyl salicylate
cpd19001_c,0.7066001740030553,0.00017618114890484248,14,alpha-D-Glucose
cpd00742_c,0.14032173026678074,0.0001704447584204068,2,Allophanate
cpd01912_c,0.23600973236009737,0.00016351925516702178,1,L-Fucose 1-phosphate
cpd01912_e,0.23600973236009737,0.00016351925516702178,1,L-Fucose 1-phosphate
cpd00695_c,0.8553412462908012,0.00015706241360511524,4,2-Oxoglutaramate
cpd01653_c,0.9311148791860958,0.00015289919187876737,2,3-Fumarylpyruvate
cpd01355_c,0.4451497395833333,0.00015273949851625862,3,beta-Maltose
cpd01015_c,1.0,0.00015029642430080325,1,Cyanate
cpd01211_c,1.0,0.00015029642430080325,1,Thiocyanate
cpd00052_c,0.9077037037037038,0.0001317289413430182,9,CTP
cpd00256_c,0.9077037037037038,0.0001317289413430182,9,CDPcholine
cpd00457_c,0.9077037037037038,0.0001317289413430182,9,Phosphocholine
cpd00470_c,0.7473118279569892,0.00012098070216740271,4,N1-Acetylspermidine
cpd01758_c,0.7473118279569892,0.00012098070216740271,4,N-Acetylputrescine
cpd00906_c,1.0,0.0001140619179371314,1,all-trans-Hexaprenyl diphosphate
cpd02295_c,1.0,0.0001140619179371314,1,1-4-Dihydroxy-2-naphthoate
cpd23248_c,1.0,0.0001140619179371314,2,DMKH2-6
cpd25804_c,1.0,0.0001140619179371314,2,DMK-6
cpd01329_c,0.7807308970099667,0.00011362300900316196,9,Maltohexaose
cpd15494_c,0.7807308970099667,0.00011362300900316196,9,Maltoheptaose
cpd00337_c,0.35707220573689413,0.00010637299751800342,2,Hydrouracil
cpd01720_c,0.35707220573689413,0.00010637299751800342,2,3-Ureidopropanoate
cpd00451_c,1.0,0.00010076517674783413,3,Glycocyamine
cpd01973_c,0.8159509202453988,9.551026653146977e-05,3,4-Guanidinobutanamide
cpd02129_c,1.0,9.546066032667035e-05,3,3-Hydroxybenzyl alcohol
cpd00918_c,1.0,9.490094186135164e-05,1,2-Acetamido-5-oxopentanoate
cpd02552_c,1.0,9.490094186135164e-05,1,n-acetylglutamyl-phosphate
cpd02090_c,1.0,9.417609398720124e-05,2,Glycerophosphoglycerol
cpd15348_c,1.0,9.417609398720124e-05,2,2-Acyl-sn-glycero-3-phosphoglycerol octadecanoyl
cpd00046_c,1.0,8.828140823581323e-05,6,CMP
cpd00099_c,1.0,8.196072010493782e-05,4,Cl-
cpd00178_c,1.0,8.196072010493782e-05,3,Acetone
cpd00797_c,1.0,8.196072010493782e-05,3,(R)-3-Hydroxybutanoate
cpd02767_c,1.0,8.196072010493782e-05,3,(R)-3-((R)-3-Hydroxybutanoyloxy)butanoate
cpd03959_c,1.0,8.196072010493782e-05,3,Atrazine
cpd03960_c,1.0,8.196072010493782e-05,4,Hydroxyatrazine
cpd03964_c,1.0,8.196072010493782e-05,4,Deisopropylatrazine
cpd03965_c,1.0,8.196072010493782e-05,4,Deisopropylhydroxyatrazine
cpd03966_c,1.0,8.196072010493782e-05,4,"2,4-Dihydroxy-6-(N'-ethyl)amino-1,3,5-triazine"
cpd04129_c,1.0,8.196072010493782e-05,4,2-Propanamine
cpd12836_c,1.0,8.196072010493782e-05,3,Poly-beta-hydroxybutyrate
cpd12837_c,1.0,8.196072010493782e-05,3,((R)-3-Hydroxybutanoyl)(n-2)
cpd25656_c,1.0,8.196072010493782e-05,2,GIPA
cpd25657_c,1.0,8.196072010493782e-05,2,GALO
cpd25658_c,1.0,8.196072010493782e-05,2,L-2-aminopropan-1-ol
cpd25659_c,1.0,8.196072010493782e-05,2,L-2-aminopropionaldehyde
cpd11466_c,1.0,8.042065519094206e-05,1,Myristoyl-ACP
cpd00034_c,1.0,6.612837936482162e-05,1,Zn2+
cpd00034_e,1.0,6.612837936482162e-05,1,Zn2+
cpd00822_c,1.0,6.474057731742965e-05,4,O-Succinyl-L-homoserine
cpd02227_c,1.0,6.431795597860246e-05,1,S-Ribosylhomocysteine
cpd00456_c,1.0,6.200955040767767e-05,6,3-Hydroxybenzoate
cpd01964_c,1.0,6.200955040767767e-05,6,3-Hydroxybenzaldehyde
cpd00387_c,1.0,5.123932685807528e-05,1,ADPglucose
cpd00932_c,0.0017104207268141547,4.996850514585948e-05,1,5-O--1-Carboxyvinyl-3-phosphoshikimate
cpd02030_c,0.0017104207268141547,4.996850514585948e-05,1,3-phosphoshikimate
cpd11209_c,1.0,4.49466491334686e-05,2,N-Acetyl-L-citrulline
cpd00098_c,0.7198837136072491,3.9010780482387555e-05,3,Choline
cpd00447_c,0.7198837136072491,3.9010780482387555e-05,3,Betaine aldehyde
cpd02625_c,1.0,3.3344182602394405e-05,2,3-Hydroxy-L-1-pyrroline-5-carboxylate
cpd29317_c,1.0,3.3344182602394405e-05,2,4-hydroxyproline
cpd02258_c,0.665141773821299,3.1241357146649875e-05,6,4-Hydroxy-2-oxovalerate
cpd27712_c,0.665141773821299,3.1241357146649875e-05,6,2-keto-4-pentenoate
cpd00157_c,0.8639116661494809,2.8635524019268325e-05,5,Glycerone
cpd00198_c,0.8639116661494809,2.8635524019268325e-05,5,D-Xylulose5-phosphate
cpd00129_e,1.0,2.7485001498724937e-05,1,L-Proline
cpd00207_c,0.23818221728334094,2.3028535369715367e-05,2,Guanine
cpd00192_c,1.0,2.175409134145292e-05,2,4-Coumaroyl-CoA
cpd01982_c,0.9426736986929604,1.7108193359329995e-05,7,5-Phosphoribosylamine
cpd19028_c,0.9426736986929604,1.7108193359329995e-05,7,alpha-D-Ribose 5-phosphate
cpd16443_c,1.0,1.3743742684036364e-05,2,beta-D-Ribofuranose
cpd00236_c,0.8662386302835742,7.884895648387019e-06,3,D-Erythrose4-phosphate
cpd00238_c,0.8662386302835742,7.884895648387019e-06,3,Sedoheptulose7-phosphate
cpd00693_c,1.0,6.8697301370505586e-06,1,D-Lactaldehyde
cpd00428_c,0.7473118279569892,6.07267121412956e-06,2,2-Oxopropanal
cpd00623_c,1.0,5.96191891432203e-06,3,Sphinganine
cpd01879_c,1.0,5.96191891432203e-06,3,3-Dehydrosphinganine
cpd23595_c,1.0,5.96191891432203e-06,3,"1,2-dipalmitoyl-phosphatidylserine"
cpd23597_c,1.0,5.96191891432203e-06,3,"1,2-dipalmitoyl-phosphatidyl-ethanolamine"
cpd26147_c,1.0,5.96191891432203e-06,3,dipalmitoyl phosphatidate
cpd26605_c,1.0,5.96191891432203e-06,3,"1,2-dipalmitoylglycerol"
cpd00405_c,1.0,5.9619189143220295e-06,2,Hexadecanal
cpd00444_c,1.0,5.9619189143220295e-06,2,CDPethanolamine
cpd00824_c,1.0,5.9619189143220295e-06,2,Sphinganine 1-phosphate
cpd02415_c,1.0,5.9619189143220295e-06,2,Serine phosphoethanolamine
cpd23593_c,1.0,5.9619189143220295e-06,2,"CDP-1,2-dipalmitoylglycerol"
cpd00461_c,0.9598170128585559,4.3863663659894504e-06,4,Oxopent-4-enoate
cpd00284_c,0.7903111739745403,3.769151901258115e-06,2,6-Phospho-D-gluconate
cpd00103_c,1.0,0.0,2,PRPP
